{
    "$schema": "https://go.kicad.org/pcm/schemas/v1",
    "name": "CQPub Jumper Example",
    "description": "CQPub Jumper Example",
    "description_full": "CQPub Jumper Example",
    "identifier": "com.github.soburi.cqpub-jumper-example",
    "type": "library",
    "author": {
        "name": "soburi",
        "contact": {
            "web": "https://github.com/soburi"
        }
    },
    "license": "CC0-1.0",
    "resources": {
        "homepage": "https://github.com/soburi/cqpub-jumper-example"
    },
    "versions": [
        {
            "version": "1.0.0",
            "status": "stable",
            "kicad_version": "8.0"
        }
    ]
}
